{
  "bodyTypeName": "male",
  "url": "https://liberatedpixelcup.github.io/Universal-LPC-Spritesheet-Character-Generator/#?body=Body_color_light&head=Human_male_light&sex=male&wound_eye_right=none_Right_Eye&wheelchair=none_Wheelchair&wings=none_Feathered_Wings&hair=Plain_dark_brown&clothes=Longsleeve_gray&legs=Long_Pants_charcoal&shoes=Basic_Boots_black&eyebrows=Thick_Eyebrows_dark_brown&eye_color=none_Eye_Color",
  "spritesheets": "https://liberatedpixelcup.github.io/Universal-LPC-Spritesheet-Character-Generator/spritesheets/",
  "version": 1,
  "datetime": "3/31/2025, 1:32:24 PM",
  "credits": [
    {
      "fileName": "body/bodies/male/light.png",
      "licenses": "OGA-BY 3.0,CC-BY-SA 3.0,GPL 3.0",
      "authors": "bluecarrot16,JaidynReiman,Benjamin K. Smith (BenCreating),Evert,Eliza Wyatt (ElizaWy),TheraHedwig,MuffinElZangano,Durrani,Johannes Sjölund (wulax),Stephen Challener (Redshrike)",
      "urls": "https://opengameart.org/content/liberated-pixel-cup-lpc-base-assets-sprites-map-tiles,https://opengameart.org/content/lpc-medieval-fantasy-character-sprites,https://opengameart.org/content/lpc-male-jumping-animation-by-durrani,https://opengameart.org/content/lpc-runcycle-and-diagonal-walkcycle,https://opengameart.org/content/lpc-revised-character-basics,https://opengameart.org/content/lpc-be-seated,https://opengameart.org/content/lpc-runcycle-for-male-muscular-and-pregnant-character-bases-with-modular-heads,https://opengameart.org/content/lpc-jump-expanded,https://opengameart.org/content/lpc-character-bases",
      "notes": "see details at https://opengameart.org/content/lpc-character-bases; 'Thick' Male Revised Run/Climb by JaidynReiman (based on ElizaWy's LPC Revised)"
    },
    {
      "fileName": "head/heads/human/male/light.png",
      "licenses": "OGA-BY 3.0,CC-BY-SA 3.0,GPL 3.0",
      "authors": "bluecarrot16,Benjamin K. Smith (BenCreating),Stephen Challener (Redshrike)",
      "urls": "https://opengameart.org/content/liberated-pixel-cup-lpc-base-assets-sprites-map-tiles,https://opengameart.org/content/lpc-character-bases",
      "notes": "original head by Redshrike, tweaks by BenCreating, modular version by bluecarrot16"
    },
    {
      "fileName": "eyes/eyebrows/thick/adult/dark_brown.png",
      "licenses": "OGA-BY 3.0",
      "authors": "ElizaWy",
      "urls": "https://github.com/ElizaWy/LPC/tree/main/Characters/Hair,https://opengameart.org/content/lpc-expanded-sit-run-jump-more",
      "notes": ""
    },
    {
      "fileName": "hair/plain/male/dark_brown.png",
      "licenses": "OGA-BY 3.0,CC-BY-SA 3.0,GPL 3.0",
      "authors": "Manuel Riecke (MrBeast),Joe White",
      "urls": "https://opengameart.org/content/liberated-pixel-cup-lpc-base-assets-sprites-map-tiles,https://opengameart.org/content/ponytail-and-plain-hairstyles",
      "notes": ""
    },
    {
      "fileName": "torso/clothes/longsleeve/longsleeve/male/gray.png",
      "licenses": "OGA-BY 3.0,CC-BY-SA 3.0,GPL 3.0",
      "authors": "JaidynReiman,Johannes Sjölund (wulax)",
      "urls": "https://opengameart.org/content/lpc-medieval-fantasy-character-sprites,http://opengameart.org/content/lpc-clothing-updates",
      "notes": "original by wulax, recolors and cleanup by JaidynReiman, further recolors by bluecarrot16"
    },
    {
      "fileName": "legs/pants2/male/charcoal.png",
      "licenses": "OGA-BY 3.0,GPL 3.0",
      "authors": "JaidynReiman,ElizaWy,Bluecarrot16,Johannes Sjölund (wulax),Stephen Challener (Redshrike)",
      "urls": "https://github.com/ElizaWy/LPC/tree/main/Characters/Clothing,https://opengameart.org/content/lpc-expanded-sit-run-jump-more,https://opengameart.org/content/lpc-expanded-pants",
      "notes": "original overalls by ElizaWy, base animations adapted from v3 overalls by bluecarrot16, pants by JaidynReiman"
    },
    {
      "fileName": "feet/boots/basic/male/black.png",
      "licenses": "OGA-BY 3.0,CC-BY-SA 3.0,GPL 2.0,GPL 3.0",
      "authors": "JaidynReiman,bluecarrot16,Nila122",
      "urls": "https://opengameart.org/content/lpc-clothes-and-hair,https://opengameart.org/content/lpc-expanded-socks-shoes",
      "notes": "original by Nila122, edited for male and v3 bases by bluecarrot16, Jump/Sit/Emote/Run/Revised Combat by JaidynReiman"
    }
  ],
  "layers": [
    {
      "fileName": "body/bodies/male/light.png",
      "zPos": 10,
      "parentName": "body",
      "name": "Body_color",
      "variant": "light",
      "supportedAnimations": "spellcast,thrust,walk,slash,shoot,hurt,watering,idle,jump,run,sit,emote,climb,combat,1h_slash,1h_backslash,1h_halfslash"
    },
    {
      "fileName": "legs/pants2/male/charcoal.png",
      "zPos": 20,
      "parentName": "legs",
      "name": "Long_Pants",
      "variant": "charcoal",
      "supportedAnimations": "spellcast,thrust,walk,slash,shoot,hurt,watering,idle,jump,run,sit,emote,climb,combat,1h_slash,1h_backslash,1h_halfslash"
    },
    {
      "fileName": "feet/boots/basic/male/black.png",
      "zPos": 25,
      "parentName": "shoes",
      "name": "Basic_Boots",
      "variant": "black",
      "supportedAnimations": "spellcast,thrust,walk,slash,shoot,hurt,watering,idle,jump,run,sit,emote,climb,combat,1h_slash,1h_backslash,1h_halfslash"
    },
    {
      "fileName": "torso/clothes/longsleeve/longsleeve/male/gray.png",
      "zPos": 35,
      "parentName": "clothes",
      "name": "Longsleeve",
      "variant": "gray",
      "supportedAnimations": "spellcast,thrust,walk,slash,shoot,hurt,watering"
    },
    {
      "fileName": "head/heads/human/male/light.png",
      "zPos": 100,
      "parentName": "head",
      "name": "Human_male",
      "variant": "light",
      "supportedAnimations": "spellcast,thrust,walk,slash,shoot,hurt,watering,idle,jump,run,sit,emote,climb,combat,1h_slash,1h_backslash,1h_halfslash"
    },
    {
      "fileName": "eyes/eyebrows/thick/adult/dark_brown.png",
      "zPos": 106,
      "parentName": "eyebrows",
      "name": "Thick_Eyebrows",
      "variant": "dark brown",
      "supportedAnimations": "spellcast,thrust,walk,slash,shoot,hurt,watering,idle,jump,run,sit,emote,climb,combat,1h_slash,1h_backslash,1h_halfslash"
    },
    {
      "fileName": "hair/plain/male/dark_brown.png",
      "zPos": 120,
      "parentName": "hair",
      "name": "Plain",
      "variant": "dark brown",
      "supportedAnimations": "spellcast,thrust,walk,slash,shoot,hurt,watering"
    }
  ]
}