{
  "bodyTypeName": "female",
  "url": "https://liberatedpixelcup.github.io/Universal-LPC-Spritesheet-Character-Generator/#?body=Body_color_light&head=Human_female_small_light&sex=female&tail=Wolf_Tail_fur_white&expression=none_Happy&eye_color=Eye_Color_purple&furry_ears=Wolf_Ears_fur_white&ears=none_Big_ears&nose=none_Button_nose&eyebrows=Thin_Eyebrows_platinum&hair=Parted_3_white&earrings=none_Stud_earrings&gloves=Gloves_gray&legs=Leggings_2_black&clothes=TShirt_VNeck_green&shoes=Folded_Rim_Boots_lavender&shoes_toe=Plated_Toe_silver&ponytail=Long_Topknot_white&hairextl=none_Left_Braid",
  "spritesheets": "https://liberatedpixelcup.github.io/Universal-LPC-Spritesheet-Character-Generator/spritesheets/",
  "version": 1,
  "datetime": "3/27/2025, 8:23:18 AM",
  "credits": [
    {
      "fileName": "body/bodies/female/light.png",
      "licenses": "OGA-BY 3.0,CC-BY-SA 3.0,GPL 3.0",
      "authors": "Benjamin K. Smith (BenCreating),bluecarrot16,TheraHedwig,Evert,MuffinElZangano,Durrani,Pierre Vigier (pvigier),ElizaWy,Matthew Krohn (makrohn),Johannes Sjölund (wulax),Stephen Challener (Redshrike)",
      "urls": "https://opengameart.org/content/liberated-pixel-cup-lpc-base-assets-sprites-map-tiles,https://opengameart.org/content/lpc-medieval-fantasy-character-sprites,https://opengameart.org/content/lpc-ladies,https://opengameart.org/content/lpc-7-womens-shirts,https://opengameart.org/content/lpc-jump-expanded,https://opengameart.org/content/lpc-be-seated,https://opengameart.org/content/lpc-revised-character-basics,https://gitlab.com/vagabondgame/lpc-characters,https://opengameart.org/content/lpc-male-jumping-animation-by-durrani,https://opengameart.org/content/lpc-runcycle-and-diagonal-walkcycle",
      "notes": "see details at https://opengameart.org/content/lpc-character-bases"
    },
    {
      "fileName": "body/tail/wolf/adult/fg/fur_white.png",
      "licenses": "OGA-BY 3.0+,CC-BY 3.0+,GPL 3.0",
      "authors": "JaidynReiman",
      "urls": "https://opengameart.org/content/lpc-furry-ears-tails-for-rpg-sprites",
      "notes": ""
    },
    {
      "fileName": "body/tail/wolf/adult/bg/fur_white.png",
      "licenses": "OGA-BY 3.0+,CC-BY 3.0+,GPL 3.0",
      "authors": "JaidynReiman",
      "urls": "https://opengameart.org/content/lpc-furry-ears-tails-for-rpg-sprites",
      "notes": ""
    },
    {
      "fileName": "head/heads/human/female_small/light.png",
      "licenses": "OGA-BY 3.0,CC-BY",
      "authors": "ElizaWy,Stephen Challener (Redshrike)",
      "urls": "",
      "notes": "original head by Redshrike, reduced size head by ElizaWy"
    },
    {
      "fileName": "eyes/human/adult/${expression}/purple.png",
      "licenses": "OGA-BY 3.0,CC-BY-SA 3.0,GPL 3.0",
      "authors": "JaidynReiman,ElizaWy,Stephen Challener (Redshrike)",
      "urls": "https://opengameart.org/content/liberated-pixel-cup-lpc-base-assets-sprites-map-tiles,https://opengameart.org/content/lpc-medieval-fantasy-character-sprites",
      "notes": "original by Redshrike, Expressions by ElizaWy, eyes split from expressions and mapped to all frames by JaidynReiman"
    },
    {
      "fileName": "head/ears/wolf/adult_front/fur_white.png",
      "licenses": "OGA-BY 3.0+,CC-BY 3.0+,GPL 3.0",
      "authors": "JaidynReiman",
      "urls": "https://opengameart.org/content/lpc-furry-ears-tails-for-rpg-sprites",
      "notes": ""
    },
    {
      "fileName": "head/ears/wolf/adult_back/fur_white.png",
      "licenses": "OGA-BY 3.0+,CC-BY 3.0+,GPL 3.0",
      "authors": "JaidynReiman",
      "urls": "https://opengameart.org/content/lpc-furry-ears-tails-for-rpg-sprites",
      "notes": ""
    },
    {
      "fileName": "eyes/eyebrows/thin/adult/platinum.png",
      "licenses": "OGA-BY 3.0",
      "authors": "ElizaWy",
      "urls": "https://github.com/ElizaWy/LPC/tree/main/Characters/Hair,https://opengameart.org/content/lpc-expanded-sit-run-jump-more",
      "notes": ""
    },
    {
      "fileName": "hair/extensions/ponytails/topknot_long/adult/fg/white.png",
      "licenses": "OGA-BY 3.0+,CC-BY 3.0+,CC-BY-SA 3.0,GPL 3.0",
      "authors": "JaidynReiman",
      "urls": "https://opengameart.org/content/lpc-1-hairstyle-2-hair-extensions-3-previously-unofficially-released-hairstyles",
      "notes": ""
    },
    {
      "fileName": "hair/extensions/ponytails/topknot_long/adult/bg/white.png",
      "licenses": "OGA-BY 3.0+,CC-BY 3.0+,CC-BY-SA 3.0,GPL 3.0",
      "authors": "JaidynReiman",
      "urls": "https://opengameart.org/content/lpc-1-hairstyle-2-hair-extensions-3-previously-unofficially-released-hairstyles",
      "notes": ""
    },
    {
      "fileName": "hair/parted3/adult/white.png",
      "licenses": "OGA-BY 3.0",
      "authors": "ElizaWy",
      "urls": "https://github.com/ElizaWy/LPC/tree/main/Characters/Hair,https://opengameart.org/content/lpc-expanded-sit-run-jump-more",
      "notes": ""
    },
    {
      "fileName": "arms/gloves/female/gray.png",
      "licenses": "OGA-BY 3.0,CC-BY-SA 3.0,GPL 3.0",
      "authors": "Michael Whitlock (bigbeargames),Matthew Krohn (makrohn),Johannes Sjölund (wulax),bluecarrot16",
      "urls": "https://opengameart.org/content/lpc-medieval-fantasy-character-sprites,http://opengameart.org/content/lpc-clothing-updates",
      "notes": "metal gloves by wulax, extended to female base by makrohn, recolors by bigbeargames, adapted to v3 bases by bluecarrot16, added to expanded animations by JaidynReiman"
    },
    {
      "fileName": "torso/clothes/shortsleeve/tshirt_vneck/female/green.png",
      "licenses": "OGA-BY 3.0",
      "authors": "ElizaWy,JaidynReiman,Stephen Challener (Redshrike),Johannes Sjölund (wulax)",
      "urls": "http://opengameart.org/content/lpc-revised-character-basics,https://github.com/ElizaWy/LPC/tree/main/Characters/Clothing,https://opengameart.org/content/lpc-expanded-sit-run-jump-more",
      "notes": "original by ElizaWy; spellcast/thrust/shoot/hurt adapted from original by JaidynReiman"
    },
    {
      "fileName": "legs/leggings2/thin/black.png",
      "licenses": "OGA-BY 3.0",
      "authors": "ElizaWy,JaidynReiman,Johannes Sjölund (wulax),Stephen Challener (Redshrike)",
      "urls": "https://github.com/ElizaWy/LPC/tree/main/Characters/Clothing,https://opengameart.org/content/lpc-expanded-sit-run-jump-more,https://opengameart.org/content/lpc-expanded-pants",
      "notes": "original by ElizaWy, remaining frames"
    },
    {
      "fileName": "feet/boots/fold/thin/lavender.png",
      "licenses": "OGA-BY 3.0+,CC-BY 3.0+,GPL 3.0",
      "authors": "JaidynReiman",
      "urls": "https://opengameart.org/content/lpc-kimono-relm,https://opengameart.org/content/lpc-expanded-socks-shoes",
      "notes": ""
    },
    {
      "fileName": "feet/accessory/plate_toe/thin/silver.png",
      "licenses": "OGA-BY 3.0+,CC-BY 3.0+,GPL 3.0",
      "authors": "JaidynReiman",
      "urls": "https://opengameart.org/content/lpc-kimono-relm,https://opengameart.org/content/lpc-expanded-socks-shoes",
      "notes": ""
    }
  ],
  "layers": [
    {
      "fileName": "body/tail/wolf/adult/bg/fur_white.png",
      "zPos": 5,
      "parentName": "tail",
      "name": "Wolf_Tail",
      "variant": "fur_white",
      "supportedAnimations": "spellcast,thrust,walk,slash,shoot,hurt,watering,idle,jump,run,sit,emote,climb,combat,1h_slash,1h_backslash,1h_halfslash"
    },
    {
      "fileName": "head/ears/wolf/adult_back/fur_white.png",
      "zPos": 8,
      "parentName": "furry_ears",
      "name": "Wolf_Ears",
      "variant": "fur_white",
      "supportedAnimations": "spellcast,thrust,walk,slash,shoot,hurt,watering,idle,jump,run,sit,emote,climb,combat,1h_slash,1h_backslash,1h_halfslash"
    },
    {
      "fileName": "hair/extensions/ponytails/topknot_long/adult/bg/white.png",
      "zPos": 9,
      "parentName": "ponytail",
      "name": "Long_Topknot",
      "variant": "white",
      "supportedAnimations": "spellcast,thrust,walk,slash,shoot,hurt,watering,idle,jump,run,sit,emote,climb,combat,1h_slash,1h/backslash,1h_halfslash"
    },
    {
      "fileName": "body/bodies/female/light.png",
      "zPos": 10,
      "parentName": "body",
      "name": "Body_color",
      "variant": "light",
      "supportedAnimations": "spellcast,thrust,walk,slash,shoot,hurt,watering,idle,jump,run,sit,emote,climb,combat,1h_slash,1h_backslash,1h_halfslash"
    },
    {
      "fileName": "legs/leggings2/thin/black.png",
      "zPos": 20,
      "parentName": "legs",
      "name": "Leggings_2",
      "variant": "black",
      "supportedAnimations": "spellcast,thrust,walk,slash,shoot,hurt,watering,idle,jump,run,sit,emote,climb,combat,1h_slash,1h_backslash,1h_halfslash"
    },
    {
      "fileName": "feet/boots/fold/thin/lavender.png",
      "zPos": 25,
      "parentName": "shoes",
      "name": "Folded_Rim_Boots",
      "variant": "lavender",
      "supportedAnimations": "spellcast,thrust,walk,slash,shoot,hurt,watering,idle,jump,run,sit,emote,climb,combat,1h_slash,1h_backslash,1h_halfslash"
    },
    {
      "fileName": "feet/accessory/plate_toe/thin/silver.png",
      "zPos": 27,
      "parentName": "shoes_toe",
      "name": "Plated_Toe",
      "variant": "silver",
      "supportedAnimations": "spellcast,thrust,walk,slash,shoot,hurt,watering,idle,jump,run,sit,emote,climb,combat,1h_slash,1h_backslash,1h_halfslash"
    },
    {
      "fileName": "torso/clothes/shortsleeve/tshirt_vneck/female/green.png",
      "zPos": 35,
      "parentName": "clothes",
      "name": "TShirt_VNeck",
      "variant": "green",
      "supportedAnimations": "spellcast,thrust,walk,slash,shoot,hurt,watering,idle,jump,run,sit,emote,climb,combat,1h_slash,1h_backslash,1h_halfslash"
    },
    {
      "fileName": "arms/gloves/female/gray.png",
      "zPos": 70,
      "parentName": "gloves",
      "name": "Gloves",
      "variant": "gray",
      "supportedAnimations": "spellcast,thrust,walk,slash,shoot,hurt,watering,idle,jump,run,sit,emote,climb,combat,1h_slash,1h_backslash,1h_halfslash"
    },
    {
      "fileName": "head/heads/human/female_small/light.png",
      "zPos": 100,
      "parentName": "head",
      "name": "Human_female_small",
      "variant": "light",
      "supportedAnimations": "spellcast,thrust,walk,slash,shoot,hurt,watering,idle,jump,run,sit,emote,climb,combat,1h_slash,1h_backslash,1h_halfslash"
    },
    {
      "fileName": "eyes/human/adult/undefined/purple.png",
      "zPos": 105,
      "parentName": "eye_color",
      "name": "Eye_Color",
      "variant": "purple",
      "supportedAnimations": "spellcast,thrust,walk,slash,shoot,hurt,watering,idle,jump,run,sit,emote,climb,combat,1h_slash,1h_backslash,1h_halfslash"
    },
    {
      "fileName": "eyes/eyebrows/thin/adult/platinum.png",
      "zPos": 106,
      "parentName": "eyebrows",
      "name": "Thin_Eyebrows",
      "variant": "platinum",
      "supportedAnimations": "spellcast,thrust,walk,slash,shoot,hurt,watering,idle,jump,run,sit,emote,climb,combat,1h_slash,1h_backslash,1h_halfslash"
    },
    {
      "fileName": "hair/parted3/adult/white.png",
      "zPos": 120,
      "parentName": "hair",
      "name": "Parted_3",
      "variant": "white",
      "supportedAnimations": "spellcast,thrust,walk,slash,shoot,hurt,watering,idle,jump,run,sit,emote,climb,combat,1h_slash,1h_backslash,1h_halfslash"
    },
    {
      "fileName": "body/tail/wolf/adult/fg/fur_white.png",
      "zPos": 125,
      "parentName": "tail",
      "name": "Wolf_Tail",
      "variant": "fur_white",
      "supportedAnimations": "spellcast,thrust,walk,slash,shoot,hurt,watering,idle,jump,run,sit,emote,climb,combat,1h_slash,1h_backslash,1h_halfslash"
    },
    {
      "fileName": "hair/extensions/ponytails/topknot_long/adult/fg/white.png",
      "zPos": 128,
      "parentName": "ponytail",
      "name": "Long_Topknot",
      "variant": "white",
      "supportedAnimations": "spellcast,thrust,walk,slash,shoot,hurt,watering,idle,jump,run,sit,emote,climb,combat,1h_slash,1h/backslash,1h_halfslash"
    },
    {
      "fileName": "head/ears/wolf/adult_front/fur_white.png",
      "zPos": 130,
      "parentName": "furry_ears",
      "name": "Wolf_Ears",
      "variant": "fur_white",
      "supportedAnimations": "spellcast,thrust,walk,slash,shoot,hurt,watering,idle,jump,run,sit,emote,climb,combat,1h_slash,1h_backslash,1h_halfslash"
    }
  ]
}